Tanggal,Musim,Tahun,Bulan,holiday,weekday,weather,temp,humidity,windspeed,registered,count
1/1/2020,1,2020,Januari,hari biasa,Wednesday,berkabut,0.344167,0.805833,0.160446,654,985
1/2/2020,1,2020,Januari,hari biasa,Thursday,berkabut,0.363478,0.696087,0.248539,670,801
1/3/2020,1,2020,Januari,hari biasa,Friday,cerah berawan,0.196364,0.437273,0.248309,1229,1349
1/4/2020,1,2020,Januari,hari biasa,Saturday,cerah berawan,0.2,0.590435,0.160296,1454,1562
1/5/2020,1,2020,Januari,hari biasa,Sunday,cerah berawan,0.226957,0.436957,0.1869,1518,1600
1/6/2020,1,2020,Januari,hari biasa,Monday,cerah berawan,0.204348,0.518261,0.0895652,1518,1606
1/7/2020,1,2020,Januari,hari biasa,Tuesday,berkabut,0.196522,0.498696,0.168726,1362,1510
1/8/2020,1,2020,Januari,hari biasa,Wednesday,berkabut,0.165,0.535833,0.266804,891,959
1/9/2020,1,2020,Januari,hari biasa,Thursday,cerah berawan,0.138333,0.434167,0.36195,768,822
1/10/2020,1,2020,Januari,hari biasa,Friday,cerah berawan,0.150833,0.482917,0.223267,1280,1321
1/11/2020,1,2020,Januari,hari biasa,Saturday,berkabut,0.169091,0.686364,0.122132,1220,1263
1/12/2020,1,2020,Januari,hari biasa,Sunday,cerah berawan,0.172727,0.599545,0.304627,1137,1162
1/13/2020,1,2020,Januari,hari biasa,Monday,cerah berawan,0.165,0.470417,0.301,1368,1406
1/14/2020,1,2020,Januari,hari biasa,Tuesday,cerah berawan,0.16087,0.537826,0.126548,1367,1421
1/15/2020,1,2020,Januari,hari biasa,Wednesday,berkabut,0.233333,0.49875,0.157963,1026,1248
1/16/2020,1,2020,Januari,hari biasa,Thursday,cerah berawan,0.231667,0.48375,0.188433,953,1204
1/17/2020,1,2020,Januari,hari libur nasional,Friday,berkabut,0.175833,0.5375,0.194017,883,1000
1/18/2020,1,2020,Januari,hari biasa,Saturday,berkabut,0.216667,0.861667,0.146775,674,683
1/19/2020,1,2020,Januari,hari biasa,Sunday,berkabut,0.292174,0.741739,0.208317,1572,1650
1/20/2020,1,2020,Januari,hari biasa,Monday,berkabut,0.261667,0.538333,0.195904,1844,1927
1/21/2020,1,2020,Januari,hari biasa,Tuesday,cerah berawan,0.1775,0.457083,0.353242,1468,1543
1/22/2020,1,2020,Januari,hari biasa,Wednesday,cerah berawan,0.0591304,0.4,0.17197,888,981
1/23/2020,1,2020,Januari,hari biasa,Thursday,cerah berawan,0.0965217,0.436522,0.2466,836,986
1/24/2020,1,2020,Januari,hari biasa,Friday,cerah berawan,0.0973913,0.491739,0.15833,1330,1416
1/25/2020,1,2020,Januari,hari biasa,Saturday,berkabut,0.223478,0.616957,0.129796,1799,1985
1/26/2020,1,2020,Januari,hari biasa,Sunday,hujan ringan atau salju,0.2175,0.8625,0.29385,472,506
1/27/2020,1,2020,Januari,hari biasa,Monday,cerah berawan,0.195,0.6875,0.113837,416,431
1/28/2020,1,2020,Januari,hari biasa,Tuesday,berkabut,0.203478,0.793043,0.1233,1129,1167
1/29/2020,1,2020,Januari,hari biasa,Wednesday,cerah berawan,0.196522,0.651739,0.145365,975,1098
1/30/2020,1,2020,Januari,hari biasa,Thursday,cerah berawan,0.216522,0.722174,0.0739826,956,1096
1/31/2020,1,2020,Januari,hari biasa,Friday,berkabut,0.180833,0.60375,0.187192,1459,1501
2/1/2020,1,2020,Febuari,hari biasa,Saturday,berkabut,0.192174,0.829565,0.053213,1313,1360
2/2/2020,1,2020,Febuari,hari biasa,Sunday,berkabut,0.26,0.775417,0.264308,1454,1526
2/3/2020,1,2020,Febuari,hari biasa,Monday,cerah berawan,0.186957,0.437826,0.277752,1489,1550
2/4/2020,1,2020,Febuari,hari biasa,Tuesday,berkabut,0.211304,0.585217,0.127839,1620,1708
2/5/2020,1,2020,Febuari,hari biasa,Wednesday,berkabut,0.233333,0.929167,0.161079,905,1005
2/6/2020,1,2020,Febuari,hari biasa,Thursday,cerah berawan,0.285833,0.568333,0.1418,1269,1623
2/7/2020,1,2020,Febuari,hari biasa,Friday,cerah berawan,0.271667,0.738333,0.0454083,1592,1712
2/8/2020,1,2020,Febuari,hari biasa,Saturday,cerah berawan,0.220833,0.537917,0.36195,1466,1530
2/9/2020,1,2020,Febuari,hari biasa,Sunday,berkabut,0.134783,0.494783,0.188839,1552,1605
2/10/2020,1,2020,Febuari,hari biasa,Monday,cerah berawan,0.144348,0.437391,0.221935,1491,1538
2/11/2020,1,2020,Febuari,hari biasa,Tuesday,cerah berawan,0.189091,0.506364,0.10855,1597,1746
2/12/2020,1,2020,Febuari,hari biasa,Wednesday,cerah berawan,0.2225,0.544167,0.203367,1184,1472
2/13/2020,1,2020,Febuari,hari biasa,Thursday,cerah berawan,0.316522,0.457391,0.260883,1192,1589
2/14/2020,1,2020,Febuari,hari biasa,Friday,cerah berawan,0.415,0.375833,0.417908,1705,1913
2/15/2020,1,2020,Febuari,hari biasa,Saturday,cerah berawan,0.266087,0.314348,0.291374,1675,1815
2/16/2020,1,2020,Febuari,hari biasa,Sunday,cerah berawan,0.318261,0.423478,0.251791,1897,2115
2/17/2020,1,2020,Febuari,hari biasa,Monday,cerah berawan,0.435833,0.505,0.230104,2216,2475
2/18/2020,1,2020,Febuari,hari biasa,Tuesday,cerah berawan,0.521667,0.516667,0.264925,2348,2927
2/19/2020,1,2020,Febuari,hari biasa,Wednesday,cerah berawan,0.399167,0.187917,0.507463,1103,1635
2/20/2020,1,2020,Febuari,hari biasa,Thursday,cerah berawan,0.285217,0.407826,0.223235,1173,1812
2/21/2020,1,2020,Febuari,hari libur nasional,Friday,berkabut,0.303333,0.605,0.307846,912,1107
2/22/2020,1,2020,Febuari,hari biasa,Saturday,cerah berawan,0.182222,0.577778,0.195683,1376,1450
2/23/2020,1,2020,Febuari,hari biasa,Sunday,cerah berawan,0.221739,0.423043,0.094113,1778,1917
2/24/2020,1,2020,Febuari,hari biasa,Monday,berkabut,0.295652,0.697391,0.250496,1707,1807
2/25/2020,1,2020,Febuari,hari biasa,Tuesday,berkabut,0.364348,0.712174,0.346539,1341,1461
2/26/2020,1,2020,Febuari,hari biasa,Wednesday,cerah berawan,0.2825,0.537917,0.186571,1545,1969
2/27/2020,1,2020,Febuari,hari biasa,Thursday,cerah berawan,0.343478,0.68,0.125248,1708,2402
2/28/2020,1,2020,Febuari,hari biasa,Friday,berkabut,0.407273,0.876364,0.289686,1365,1446
2/29/2020,1,2020,Febuari,hari biasa,Saturday,cerah berawan,0.266667,0.535,0.216425,1714,1851
3/1/2020,1,2020,Maret,hari biasa,Sunday,cerah berawan,0.335,0.449583,0.307833,1903,2134
3/2/2020,1,2020,Maret,hari biasa,Monday,cerah berawan,0.198333,0.318333,0.225754,1562,1685
3/3/2020,1,2020,Maret,hari biasa,Tuesday,berkabut,0.261667,0.610417,0.203346,1730,1944
3/4/2020,1,2020,Maret,hari biasa,Wednesday,berkabut,0.384167,0.789167,0.251871,1437,2077
3/5/2020,1,2020,Maret,hari biasa,Thursday,berkabut,0.376522,0.948261,0.343287,491,605
3/6/2020,1,2020,Maret,hari biasa,Friday,cerah berawan,0.261739,0.551304,0.341352,1628,1872
3/7/2020,1,2020,Maret,hari biasa,Saturday,cerah berawan,0.2925,0.420833,0.12065,1817,2133
3/8/2020,1,2020,Maret,hari biasa,Sunday,berkabut,0.295833,0.775417,0.22015,1700,1891
3/9/2020,1,2020,Maret,hari biasa,Monday,hujan ringan atau salju,0.389091,0,0.261877,577,623
3/10/2020,1,2020,Maret,hari biasa,Tuesday,berkabut,0.316522,0.649565,0.23297,1730,1977
3/11/2020,1,2020,Maret,hari biasa,Wednesday,cerah berawan,0.329167,0.594583,0.220775,1408,2132
3/12/2020,1,2020,Maret,hari biasa,Thursday,cerah berawan,0.384348,0.527391,0.270604,1435,2417
3/13/2020,1,2020,Maret,hari biasa,Friday,cerah berawan,0.325217,0.496957,0.136926,1687,2046
3/14/2020,1,2020,Maret,hari biasa,Saturday,berkabut,0.317391,0.655652,0.184309,1767,2056
3/15/2020,1,2020,Maret,hari biasa,Sunday,berkabut,0.365217,0.776522,0.203117,1871,2192
3/16/2020,1,2020,Maret,hari biasa,Monday,cerah berawan,0.415,0.602917,0.209579,2320,2744
3/17/2020,1,2020,Maret,hari biasa,Tuesday,cerah berawan,0.54,0.525217,0.231017,2355,3239
3/18/2020,1,2020,Maret,hari biasa,Wednesday,cerah berawan,0.4725,0.379167,0.368167,1693,3117
3/19/2020,1,2020,Maret,hari biasa,Thursday,cerah berawan,0.3325,0.47375,0.207721,1424,2471
3/20/2020,2,2020,Maret,hari biasa,Friday,berkabut,0.430435,0.737391,0.288783,1676,2077
3/21/2020,2,2020,Maret,hari biasa,Saturday,cerah berawan,0.441667,0.624583,0.22575,2243,2703
3/22/2020,2,2020,Maret,hari biasa,Sunday,berkabut,0.346957,0.839565,0.234261,1918,2121
3/23/2020,2,2020,Maret,hari biasa,Monday,berkabut,0.285,0.805833,0.243787,1699,1865
3/24/2020,2,2020,Maret,hari biasa,Tuesday,cerah berawan,0.264167,0.495,0.230725,1910,2210
3/25/2020,2,2020,Maret,hari biasa,Wednesday,cerah berawan,0.265833,0.394167,0.209571,1515,2496
3/26/2020,2,2020,Maret,hari biasa,Thursday,berkabut,0.253043,0.493913,0.1843,1221,1693
3/27/2020,2,2020,Maret,hari biasa,Friday,cerah berawan,0.264348,0.302174,0.212204,1806,2028
3/28/2020,2,2020,Maret,hari biasa,Saturday,cerah berawan,0.3025,0.314167,0.226996,2108,2425
3/29/2020,2,2020,Maret,hari biasa,Sunday,berkabut,0.3,0.646667,0.172888,1368,1536
3/30/2020,2,2020,Maret,hari biasa,Monday,hujan ringan atau salju,0.268333,0.918333,0.217646,1506,1685
3/31/2020,2,2020,Maret,hari biasa,Tuesday,berkabut,0.3,0.68625,0.258708,1920,2227
4/1/2020,2,2020,April,hari biasa,Wednesday,berkabut,0.315,0.65375,0.197146,1354,2252
4/2/2020,2,2020,April,hari biasa,Thursday,cerah berawan,0.378333,0.48,0.182213,1598,3249
4/3/2020,2,2020,April,hari biasa,Friday,cerah berawan,0.573333,0.42625,0.385571,2381,3115
4/4/2020,2,2020,April,hari biasa,Saturday,berkabut,0.414167,0.642083,0.388067,1628,1795
4/5/2020,2,2020,April,hari biasa,Sunday,cerah berawan,0.390833,0.470833,0.263063,2395,2808
4/6/2020,2,2020,April,hari biasa,Monday,cerah berawan,0.4375,0.602917,0.162312,2570,3141
4/7/2020,2,2020,April,hari biasa,Tuesday,berkabut,0.335833,0.83625,0.226992,1299,1471
4/8/2020,2,2020,April,hari biasa,Wednesday,berkabut,0.3425,0.8775,0.133083,1576,2455
4/9/2020,2,2020,April,hari biasa,Thursday,berkabut,0.426667,0.8575,0.146767,1707,2895
4/10/2020,2,2020,April,hari biasa,Friday,berkabut,0.595652,0.716956,0.324474,2493,3348
4/11/2020,2,2020,April,hari biasa,Saturday,berkabut,0.5025,0.739167,0.274879,1777,2034
4/12/2020,2,2020,April,hari biasa,Sunday,berkabut,0.4125,0.819167,0.250617,1953,2162
4/13/2020,2,2020,April,hari biasa,Monday,cerah berawan,0.4675,0.540417,0.1107,2738,3267
4/14/2020,2,2020,April,hari libur nasional,Tuesday,cerah berawan,0.446667,0.67125,0.226375,2484,3126
4/15/2020,2,2020,April,hari biasa,Wednesday,hujan ringan atau salju,0.430833,0.888333,0.340808,674,795
4/16/2020,2,2020,April,hari biasa,Thursday,cerah berawan,0.456667,0.479583,0.303496,2186,3744
4/17/2020,2,2020,April,hari biasa,Friday,cerah berawan,0.5125,0.5425,0.163567,2760,3429
4/18/2020,2,2020,April,hari biasa,Saturday,berkabut,0.505833,0.665833,0.157971,2795,3204
4/19/2020,2,2020,April,hari biasa,Sunday,cerah berawan,0.595,0.614167,0.241925,3331,3944
4/20/2020,2,2020,April,hari biasa,Monday,cerah berawan,0.459167,0.407083,0.325258,3444,4189
4/21/2020,2,2020,April,hari biasa,Tuesday,berkabut,0.336667,0.729583,0.219521,1506,1683
4/22/2020,2,2020,April,hari biasa,Wednesday,berkabut,0.46,0.887917,0.230725,2574,4036
4/23/2020,2,2020,April,hari biasa,Thursday,berkabut,0.581667,0.810833,0.192175,2481,4191
4/24/2020,2,2020,April,hari biasa,Friday,cerah berawan,0.606667,0.776667,0.185333,3300,4073
4/25/2020,2,2020,April,hari biasa,Saturday,cerah berawan,0.631667,0.729167,0.3265,3722,4400
4/26/2020,2,2020,April,hari biasa,Sunday,berkabut,0.62,0.835417,0.3122,3325,3872
4/27/2020,2,2020,April,hari biasa,Monday,berkabut,0.6175,0.700833,0.320908,3489,4058
4/28/2020,2,2020,April,hari biasa,Tuesday,cerah berawan,0.51,0.457083,0.240063,3717,4595
4/29/2020,2,2020,April,hari biasa,Wednesday,cerah berawan,0.4725,0.503333,0.235075,3347,5312
4/30/2020,2,2020,April,hari biasa,Thursday,berkabut,0.451667,0.762083,0.106354,2213,3351
5/1/2020,2,2020,Mei,hari biasa,Friday,berkabut,0.549167,0.73,0.183454,3554,4401
5/2/2020,2,2020,Mei,hari biasa,Saturday,berkabut,0.616667,0.697083,0.342667,3848,4451
5/3/2020,2,2020,Mei,hari biasa,Sunday,berkabut,0.414167,0.737083,0.328996,2378,2633
5/4/2020,2,2020,Mei,hari biasa,Monday,cerah berawan,0.459167,0.444167,0.295392,3819,4433
5/5/2020,2,2020,Mei,hari biasa,Tuesday,cerah berawan,0.479167,0.59,0.228246,3714,4608
5/6/2020,2,2020,Mei,hari biasa,Wednesday,cerah berawan,0.52,0.54125,0.16045,3102,4714
5/7/2020,2,2020,Mei,hari biasa,Thursday,cerah berawan,0.528333,0.631667,0.0746375,2932,4333
5/8/2020,2,2020,Mei,hari biasa,Friday,cerah berawan,0.5325,0.58875,0.176,3698,4362
5/9/2020,2,2020,Mei,hari biasa,Saturday,cerah berawan,0.5325,0.489167,0.115671,4109,4803
5/10/2020,2,2020,Mei,hari biasa,Sunday,cerah berawan,0.5425,0.632917,0.120642,3632,4182
5/11/2020,2,2020,Mei,hari biasa,Monday,cerah berawan,0.535,0.7475,0.189667,4169,4864
5/12/2020,2,2020,Mei,hari biasa,Tuesday,berkabut,0.5125,0.863333,0.179725,3413,4105
5/13/2020,2,2020,Mei,hari biasa,Wednesday,berkabut,0.520833,0.9225,0.13495,2507,3409
5/14/2020,2,2020,Mei,hari biasa,Thursday,berkabut,0.5625,0.867083,0.152979,2971,4553
5/15/2020,2,2020,Mei,hari biasa,Friday,cerah berawan,0.5775,0.787917,0.126871,3185,3958
5/16/2020,2,2020,Mei,hari biasa,Saturday,berkabut,0.561667,0.837917,0.277354,3445,4123
5/17/2020,2,2020,Mei,hari biasa,Sunday,berkabut,0.55,0.87,0.201492,3319,3855
5/18/2020,2,2020,Mei,hari biasa,Monday,berkabut,0.530833,0.829583,0.108213,3840,4575
5/19/2020,2,2020,Mei,hari biasa,Tuesday,cerah berawan,0.536667,0.719583,0.125013,4008,4917
5/20/2020,2,2020,Mei,hari biasa,Wednesday,cerah berawan,0.6025,0.626667,0.12065,3547,5805
5/21/2020,2,2020,Mei,hari biasa,Thursday,cerah berawan,0.604167,0.749583,0.148008,3084,4660
5/22/2020,2,2020,Mei,hari biasa,Friday,berkabut,0.631667,0.81,0.233842,3438,4274
5/23/2020,2,2020,Mei,hari biasa,Saturday,berkabut,0.66,0.740833,0.207092,3833,4492
5/24/2020,2,2020,Mei,hari biasa,Sunday,cerah berawan,0.660833,0.69625,0.154233,4238,4978
5/25/2020,2,2020,Mei,hari biasa,Monday,cerah berawan,0.708333,0.6775,0.199642,3919,4677
5/26/2020,2,2020,Mei,hari biasa,Tuesday,cerah berawan,0.681667,0.65375,0.240679,3808,4679
5/27/2020,2,2020,Mei,hari biasa,Wednesday,cerah berawan,0.655833,0.729583,0.230092,2757,4758
5/28/2020,2,2020,Mei,hari biasa,Thursday,cerah berawan,0.6675,0.81875,0.213938,2433,4788
5/29/2020,2,2020,Mei,hari libur nasional,Friday,cerah berawan,0.733333,0.685,0.131225,2549,4098
5/30/2020,2,2020,Mei,hari biasa,Saturday,cerah berawan,0.775,0.636667,0.111329,3309,3982
5/31/2020,2,2020,Mei,hari biasa,Sunday,berkabut,0.764167,0.677083,0.207092,3461,3974
6/1/2020,2,2020,Juni,hari biasa,Monday,cerah berawan,0.715,0.305,0.292287,4232,4968
6/2/2020,2,2020,Juni,hari biasa,Tuesday,cerah berawan,0.62,0.354167,0.253121,4414,5312
6/3/2020,2,2020,Juni,hari biasa,Wednesday,cerah berawan,0.635,0.45625,0.123142,3473,5342
6/4/2020,2,2020,Juni,hari biasa,Thursday,berkabut,0.648333,0.6525,0.138692,3221,4906
6/5/2020,2,2020,Juni,hari biasa,Friday,cerah berawan,0.678333,0.6,0.121896,3875,4548
6/6/2020,2,2020,Juni,hari biasa,Saturday,cerah berawan,0.7075,0.597917,0.187808,4070,4833
6/7/2020,2,2020,Juni,hari biasa,Sunday,cerah berawan,0.775833,0.622083,0.136817,3725,4401
6/8/2020,2,2020,Juni,hari biasa,Monday,berkabut,0.808333,0.568333,0.149883,3352,3915
6/9/2020,2,2020,Juni,hari biasa,Tuesday,cerah berawan,0.755,0.605,0.140554,3771,4586
6/10/2020,2,2020,Juni,hari biasa,Wednesday,cerah berawan,0.725,0.654583,0.15485,3237,4966
6/11/2020,2,2020,Juni,hari biasa,Thursday,cerah berawan,0.6925,0.747917,0.163567,2993,4460
6/12/2020,2,2020,Juni,hari biasa,Friday,cerah berawan,0.635,0.494583,0.30535,4157,5020
6/13/2020,2,2020,Juni,hari biasa,Saturday,cerah berawan,0.604167,0.507083,0.269283,4164,4891
6/14/2020,2,2020,Juni,hari biasa,Sunday,cerah berawan,0.626667,0.471667,0.167912,4411,5180
6/15/2020,2,2020,Juni,hari biasa,Monday,berkabut,0.628333,0.688333,0.206471,3222,3767
6/16/2020,2,2020,Juni,hari biasa,Tuesday,cerah berawan,0.649167,0.735833,0.143029,3981,4844
6/17/2020,2,2020,Juni,hari biasa,Wednesday,cerah berawan,0.696667,0.670417,0.119408,3312,5119
6/18/2020,2,2020,Juni,hari biasa,Thursday,berkabut,0.699167,0.666667,0.102,3105,4744
6/19/2020,2,2020,Juni,hari biasa,Friday,berkabut,0.635,0.74625,0.155475,3311,4010
6/20/2020,3,2020,Juni,hari biasa,Saturday,berkabut,0.680833,0.770417,0.171025,4061,4835
6/21/2020,3,2020,Juni,hari biasa,Sunday,cerah berawan,0.733333,0.7075,0.172262,3846,4507
6/22/2020,3,2020,Juni,hari biasa,Monday,berkabut,0.728333,0.703333,0.238804,4044,4790
6/23/2020,3,2020,Juni,hari biasa,Tuesday,cerah berawan,0.724167,0.573333,0.222025,4022,4991
6/24/2020,3,2020,Juni,hari biasa,Wednesday,cerah berawan,0.695,0.483333,0.209571,3420,5202
6/25/2020,3,2020,Juni,hari biasa,Thursday,cerah berawan,0.68,0.513333,0.0945333,3385,5305
6/26/2020,3,2020,Juni,hari biasa,Friday,berkabut,0.6825,0.658333,0.107588,3854,4708
6/27/2020,3,2020,Juni,hari biasa,Saturday,cerah berawan,0.744167,0.634167,0.144283,3916,4648
6/28/2020,3,2020,Juni,hari biasa,Sunday,cerah berawan,0.728333,0.497917,0.261821,4377,5225
6/29/2020,3,2020,Juni,hari biasa,Monday,cerah berawan,0.696667,0.434167,0.185312,4488,5515
6/30/2020,3,2020,Juni,hari biasa,Tuesday,cerah berawan,0.7225,0.39625,0.102608,4116,5362
7/1/2020,3,2020,Juli,hari biasa,Wednesday,cerah berawan,0.738333,0.444583,0.115062,2915,5119
7/2/2020,3,2020,Juli,hari biasa,Thursday,berkabut,0.716667,0.6825,0.228858,2367,4649
7/3/2020,3,2020,Juli,hari libur nasional,Friday,berkabut,0.726667,0.637917,0.0814792,2978,6043
7/4/2020,3,2020,Juli,hari biasa,Saturday,cerah berawan,0.746667,0.590417,0.126258,3634,4665
7/5/2020,3,2020,Juli,hari biasa,Sunday,cerah berawan,0.72,0.743333,0.149883,3845,4629
7/6/2020,3,2020,Juli,hari biasa,Monday,cerah berawan,0.75,0.65125,0.1592,3838,4592
7/7/2020,3,2020,Juli,hari biasa,Tuesday,berkabut,0.709167,0.757917,0.225129,3348,4040
7/8/2020,3,2020,Juli,hari biasa,Wednesday,cerah berawan,0.733333,0.609167,0.167912,3348,5336
7/9/2020,3,2020,Juli,hari biasa,Thursday,cerah berawan,0.7475,0.578333,0.183471,3138,4881
7/10/2020,3,2020,Juli,hari biasa,Friday,cerah berawan,0.7625,0.635833,0.282337,3363,4086
7/11/2020,3,2020,Juli,hari biasa,Saturday,cerah berawan,0.794167,0.559167,0.200254,3596,4258
7/12/2020,3,2020,Juli,hari biasa,Sunday,cerah berawan,0.746667,0.631667,0.146133,3594,4342
7/13/2020,3,2020,Juli,hari biasa,Monday,cerah berawan,0.680833,0.47625,0.240667,4196,5084
7/14/2020,3,2020,Juli,hari biasa,Tuesday,cerah berawan,0.663333,0.59125,0.182833,4220,5538
7/15/2020,3,2020,Juli,hari biasa,Wednesday,cerah berawan,0.686667,0.585,0.208342,3505,5923
7/16/2020,3,2020,Juli,hari biasa,Thursday,cerah berawan,0.719167,0.604167,0.245033,3296,5302
7/17/2020,3,2020,Juli,hari biasa,Friday,cerah berawan,0.746667,0.65125,0.215804,3617,4458
7/18/2020,3,2020,Juli,hari biasa,Saturday,cerah berawan,0.776667,0.650417,0.1306,3789,4541
7/19/2020,3,2020,Juli,hari biasa,Sunday,cerah berawan,0.768333,0.707083,0.113817,3688,4332
7/20/2020,3,2020,Juli,hari biasa,Monday,berkabut,0.815,0.69125,0.222021,3152,3784
7/21/2020,3,2020,Juli,hari biasa,Tuesday,cerah berawan,0.848333,0.580417,0.1331,2825,3387
7/22/2020,3,2020,Juli,hari biasa,Wednesday,cerah berawan,0.849167,0.5,0.131221,2298,3285
7/23/2020,3,2020,Juli,hari biasa,Thursday,cerah berawan,0.83,0.550833,0.169171,2556,3606
7/24/2020,3,2020,Juli,hari biasa,Friday,cerah berawan,0.743333,0.757083,0.0908083,3272,3840
7/25/2020,3,2020,Juli,hari biasa,Saturday,cerah berawan,0.771667,0.540833,0.200258,3840,4590
7/26/2020,3,2020,Juli,hari biasa,Sunday,cerah berawan,0.775,0.402917,0.183463,3901,4656
7/27/2020,3,2020,Juli,hari biasa,Monday,cerah berawan,0.779167,0.583333,0.178479,3784,4390
7/28/2020,3,2020,Juli,hari biasa,Tuesday,cerah berawan,0.838333,0.5425,0.174138,3176,3846
7/29/2020,3,2020,Juli,hari biasa,Wednesday,cerah berawan,0.804167,0.465833,0.168537,2916,4475
7/30/2020,3,2020,Juli,hari biasa,Thursday,cerah berawan,0.805833,0.480833,0.164813,2778,4302
7/31/2020,3,2020,Juli,hari biasa,Friday,cerah berawan,0.771667,0.550833,0.156717,3537,4266
8/1/2020,3,2020,Agustus,hari biasa,Saturday,cerah berawan,0.783333,0.49125,0.20585,4044,4845
8/2/2020,3,2020,Agustus,hari biasa,Sunday,berkabut,0.731667,0.6575,0.135583,3107,3574
8/3/2020,3,2020,Agustus,hari biasa,Monday,berkabut,0.71,0.7575,0.19715,3777,4576
8/4/2020,3,2020,Agustus,hari biasa,Tuesday,cerah berawan,0.710833,0.630833,0.184696,3843,4866
8/5/2020,3,2020,Agustus,hari biasa,Wednesday,berkabut,0.716667,0.755,0.22825,2773,4294
8/6/2020,3,2020,Agustus,hari biasa,Thursday,cerah berawan,0.7425,0.752917,0.201487,2487,3785
8/7/2020,3,2020,Agustus,hari biasa,Friday,cerah berawan,0.765,0.592083,0.192175,3480,4326
8/8/2020,3,2020,Agustus,hari biasa,Saturday,cerah berawan,0.775,0.570417,0.151121,3695,4602
8/9/2020,3,2020,Agustus,hari biasa,Sunday,cerah berawan,0.766667,0.424167,0.200258,3896,4780
8/10/2020,3,2020,Agustus,hari biasa,Monday,cerah berawan,0.7175,0.42375,0.164796,3980,4792
8/11/2020,3,2020,Agustus,hari biasa,Tuesday,cerah berawan,0.708333,0.415,0.125621,3854,4905
8/12/2020,3,2020,Agustus,hari biasa,Wednesday,berkabut,0.685833,0.729583,0.211454,2646,4150
8/13/2020,3,2020,Agustus,hari biasa,Thursday,berkabut,0.676667,0.8175,0.222633,2482,3820
8/14/2020,3,2020,Agustus,hari biasa,Friday,cerah berawan,0.665833,0.712083,0.208954,3563,4338
8/15/2020,3,2020,Agustus,hari biasa,Saturday,cerah berawan,0.700833,0.578333,0.236329,4004,4725
8/16/2020,3,2020,Agustus,hari biasa,Sunday,cerah berawan,0.723333,0.575417,0.143667,4026,4694
8/17/2020,3,2020,Agustus,hari biasa,Monday,cerah berawan,0.711667,0.654583,0.233208,3166,3805
8/18/2020,3,2020,Agustus,hari biasa,Tuesday,berkabut,0.685,0.722917,0.139308,3356,4153
8/19/2020,3,2020,Agustus,hari biasa,Wednesday,cerah berawan,0.6975,0.674167,0.104467,3277,5191
8/20/2020,3,2020,Agustus,hari biasa,Thursday,cerah berawan,0.710833,0.77,0.248754,2624,3873
8/21/2020,3,2020,Agustus,hari biasa,Friday,cerah berawan,0.691667,0.47,0.27675,3925,4758
8/22/2020,3,2020,Agustus,hari biasa,Saturday,cerah berawan,0.640833,0.455417,0.146763,4614,5895
8/23/2020,3,2020,Agustus,hari biasa,Sunday,cerah berawan,0.673333,0.605,0.253108,4181,5130
8/24/2020,3,2020,Agustus,hari biasa,Monday,berkabut,0.684167,0.771667,0.210833,3107,3542
8/25/2020,3,2020,Agustus,hari biasa,Tuesday,cerah berawan,0.7,0.76125,0.0839625,3893,4661
8/26/2020,3,2020,Agustus,hari biasa,Wednesday,berkabut,0.68,0.85,0.375617,889,1115
8/27/2020,3,2020,Agustus,hari biasa,Thursday,cerah berawan,0.707059,0.561765,0.304659,2919,4334
8/28/2020,3,2020,Agustus,hari biasa,Friday,cerah berawan,0.636667,0.554583,0.159825,3905,4634
8/29/2020,3,2020,Agustus,hari biasa,Saturday,cerah berawan,0.639167,0.548333,0.125008,4429,5204
8/30/2020,3,2020,Agustus,hari biasa,Sunday,cerah berawan,0.656667,0.597917,0.0833333,4370,5058
8/31/2020,3,2020,Agustus,hari biasa,Monday,cerah berawan,0.655,0.639167,0.141796,4332,5115
9/1/2020,3,2020,September,hari biasa,Tuesday,berkabut,0.643333,0.727083,0.139929,3852,4727
9/2/2020,3,2020,September,hari biasa,Wednesday,cerah berawan,0.669167,0.716667,0.185325,2549,4484
9/3/2020,3,2020,September,hari biasa,Thursday,cerah berawan,0.709167,0.742083,0.206467,2419,4940
9/4/2020,3,2020,September,hari libur nasional,Friday,berkabut,0.673333,0.790417,0.212696,2115,3351
9/5/2020,3,2020,September,hari biasa,Saturday,hujan ringan atau salju,0.54,0.886957,0.343943,2506,2710
9/6/2020,3,2020,September,hari biasa,Sunday,hujan ringan atau salju,0.599167,0.917083,0.0970208,1878,1996
9/7/2020,3,2020,September,hari biasa,Monday,hujan ringan atau salju,0.633913,0.939565,0.192748,1689,1842
9/8/2020,3,2020,September,hari biasa,Tuesday,berkabut,0.65,0.897917,0.124379,3127,3544
9/9/2020,3,2020,September,hari biasa,Wednesday,cerah berawan,0.66,0.75375,0.153608,3595,5345
9/10/2020,3,2020,September,hari biasa,Thursday,cerah berawan,0.653333,0.71375,0.115054,3413,5046
9/11/2020,3,2020,September,hari biasa,Friday,cerah berawan,0.644348,0.692174,0.088913,4023,4713
9/12/2020,3,2020,September,hari biasa,Saturday,cerah berawan,0.650833,0.7125,0.141804,4062,4763
9/13/2020,3,2020,September,hari biasa,Sunday,cerah berawan,0.673333,0.697083,0.1673,4138,4785
9/14/2020,3,2020,September,hari biasa,Monday,berkabut,0.5775,0.709167,0.271146,3231,3659
9/15/2020,3,2020,September,hari biasa,Tuesday,berkabut,0.469167,0.590417,0.164183,4018,4760
9/16/2020,3,2020,September,hari biasa,Wednesday,berkabut,0.491667,0.718333,0.189675,3077,4511
9/17/2020,3,2020,September,hari biasa,Thursday,cerah berawan,0.5075,0.695,0.178483,2921,4274
9/18/2020,3,2020,September,hari biasa,Friday,berkabut,0.549167,0.69,0.151742,3848,4539
9/19/2020,3,2020,September,hari biasa,Saturday,berkabut,0.561667,0.88125,0.134954,3203,3641
9/20/2020,3,2020,September,hari biasa,Sunday,berkabut,0.595,0.9,0.0964042,3813,4352
9/21/2020,3,2020,September,hari biasa,Monday,berkabut,0.628333,0.902083,0.128125,4240,4795
9/22/2020,4,2020,September,hari biasa,Tuesday,berkabut,0.609167,0.9725,0.0783667,2137,2395
9/23/2020,4,2020,September,hari biasa,Wednesday,berkabut,0.606667,0.8625,0.0783833,3647,5423
9/24/2020,4,2020,September,hari biasa,Thursday,berkabut,0.634167,0.845,0.0503792,3466,5010
9/25/2020,4,2020,September,hari biasa,Friday,berkabut,0.649167,0.848333,0.1107,3946,4630
9/26/2020,4,2020,September,hari biasa,Saturday,berkabut,0.636667,0.885417,0.118171,3643,4120
9/27/2020,4,2020,September,hari biasa,Sunday,berkabut,0.635,0.84875,0.148629,3427,3907
9/28/2020,4,2020,September,hari biasa,Monday,cerah berawan,0.616667,0.699167,0.172883,4186,4839
9/29/2020,4,2020,September,hari biasa,Tuesday,cerah berawan,0.564167,0.6475,0.206475,4372,5202
9/30/2020,4,2020,September,hari biasa,Wednesday,berkabut,0.41,0.75375,0.292296,1949,2429
10/1/2020,4,2020,Oktober,hari biasa,Thursday,berkabut,0.356667,0.791667,0.222013,2302,2918
10/2/2020,4,2020,Oktober,hari biasa,Friday,berkabut,0.384167,0.760833,0.0833458,3240,3570
10/3/2020,4,2020,Oktober,hari biasa,Saturday,cerah berawan,0.484167,0.71,0.205854,3970,4456
10/4/2020,4,2020,Oktober,hari biasa,Sunday,cerah berawan,0.538333,0.647917,0.17725,4267,4826
10/5/2020,4,2020,Oktober,hari biasa,Monday,cerah berawan,0.494167,0.620833,0.134954,4126,4765
10/6/2020,4,2020,Oktober,hari biasa,Tuesday,cerah berawan,0.510833,0.684167,0.0223917,4036,4985
10/7/2020,4,2020,Oktober,hari biasa,Wednesday,cerah berawan,0.521667,0.70125,0.0454042,3174,5409
10/8/2020,4,2020,Oktober,hari biasa,Thursday,cerah berawan,0.540833,0.7275,0.06345,3114,5511
10/9/2020,4,2020,Oktober,hari libur nasional,Friday,cerah berawan,0.570833,0.73375,0.0423042,3603,5117
10/10/2020,4,2020,Oktober,hari biasa,Saturday,berkabut,0.566667,0.80875,0.143042,3896,4563
10/11/2020,4,2020,Oktober,hari biasa,Sunday,hujan ringan atau salju,0.543333,0.90625,0.24815,2199,2416
10/12/2020,4,2020,Oktober,hari biasa,Monday,berkabut,0.589167,0.896667,0.141787,2623,2913
10/13/2020,4,2020,Oktober,hari biasa,Tuesday,berkabut,0.550833,0.71625,0.223883,3115,3644
10/14/2020,4,2020,Oktober,hari biasa,Wednesday,cerah berawan,0.506667,0.483333,0.258083,3318,5217
10/15/2020,4,2020,Oktober,hari biasa,Thursday,cerah berawan,0.511667,0.486667,0.281717,3293,5041
10/16/2020,4,2020,Oktober,hari biasa,Friday,cerah berawan,0.534167,0.579583,0.175379,3857,4570
10/17/2020,4,2020,Oktober,hari biasa,Saturday,berkabut,0.5325,0.701667,0.110087,4111,4748
10/18/2020,4,2020,Oktober,hari biasa,Sunday,hujan ringan atau salju,0.541739,0.895217,0.243339,2170,2424
10/19/2020,4,2020,Oktober,hari biasa,Monday,cerah berawan,0.475833,0.63625,0.422275,3724,4195
10/20/2020,4,2020,Oktober,hari biasa,Tuesday,cerah berawan,0.4275,0.574167,0.221396,3628,4304
10/21/2020,4,2020,Oktober,hari biasa,Wednesday,cerah berawan,0.4225,0.629167,0.0926667,2809,4308
10/22/2020,4,2020,Oktober,hari biasa,Thursday,cerah berawan,0.421667,0.74125,0.0995125,2762,4381
10/23/2020,4,2020,Oktober,hari biasa,Friday,cerah berawan,0.463333,0.772083,0.118792,3488,4187
10/24/2020,4,2020,Oktober,hari biasa,Saturday,cerah berawan,0.471667,0.622917,0.166658,3992,4687
10/25/2020,4,2020,Oktober,hari biasa,Sunday,berkabut,0.484167,0.720417,0.148642,3490,3894
10/26/2020,4,2020,Oktober,hari biasa,Monday,berkabut,0.47,0.812917,0.197763,2419,2659
10/27/2020,4,2020,Oktober,hari biasa,Tuesday,berkabut,0.330833,0.585833,0.229479,3291,3747
10/28/2020,4,2020,Oktober,hari biasa,Wednesday,hujan ringan atau salju,0.254167,0.8825,0.351371,570,627
10/29/2020,4,2020,Oktober,hari biasa,Thursday,cerah berawan,0.319167,0.62375,0.176617,2446,3331
10/30/2020,4,2020,Oktober,hari biasa,Friday,cerah berawan,0.34,0.703333,0.10635,3307,3669
10/31/2020,4,2020,Oktober,hari biasa,Saturday,cerah berawan,0.400833,0.68375,0.135571,3658,4068
11/1/2020,4,2020,November,hari biasa,Sunday,cerah berawan,0.3775,0.71875,0.0820917,3816,4186
11/2/2020,4,2020,November,hari biasa,Monday,cerah berawan,0.408333,0.702083,0.136817,3656,3974
11/3/2020,4,2020,November,hari biasa,Tuesday,berkabut,0.403333,0.6225,0.271779,3576,4046
11/4/2020,4,2020,November,hari biasa,Wednesday,cerah berawan,0.326667,0.519167,0.189062,2770,3926
11/5/2020,4,2020,November,hari biasa,Thursday,cerah berawan,0.348333,0.734583,0.0920542,2697,3649
11/6/2020,4,2020,November,hari biasa,Friday,cerah berawan,0.395,0.75875,0.057225,3662,4035
11/7/2020,4,2020,November,hari biasa,Saturday,cerah berawan,0.408333,0.721667,0.0690375,3829,4205
11/8/2020,4,2020,November,hari biasa,Sunday,cerah berawan,0.4,0.758333,0.0621958,3804,4109
11/9/2020,4,2020,November,hari biasa,Monday,berkabut,0.38,0.813333,0.189067,2743,2933
11/10/2020,4,2020,November,hari libur nasional,Tuesday,cerah berawan,0.324167,0.44625,0.314675,2928,3368
11/11/2020,4,2020,November,hari biasa,Wednesday,cerah berawan,0.356667,0.552917,0.212062,2792,4067
11/12/2020,4,2020,November,hari biasa,Thursday,cerah berawan,0.440833,0.458333,0.281721,2713,3717
11/13/2020,4,2020,November,hari biasa,Friday,cerah berawan,0.53,0.587083,0.306596,3891,4486
11/14/2020,4,2020,November,hari biasa,Saturday,berkabut,0.53,0.68875,0.199633,3746,4195
11/15/2020,4,2020,November,hari biasa,Sunday,hujan ringan atau salju,0.456667,0.93,0.136829,1672,1817
11/16/2020,4,2020,November,hari biasa,Monday,berkabut,0.341667,0.575833,0.305362,2914,3053
11/17/2020,4,2020,November,hari biasa,Tuesday,cerah berawan,0.274167,0.41,0.168533,3147,3392
11/18/2020,4,2020,November,hari biasa,Wednesday,cerah berawan,0.329167,0.502083,0.224496,2720,3663
11/19/2020,4,2020,November,hari biasa,Thursday,berkabut,0.463333,0.684583,0.18595,2733,3520
11/20/2020,4,2020,November,hari biasa,Friday,hujan ringan atau salju,0.4475,0.91,0.138054,2545,2765
11/21/2020,4,2020,November,hari biasa,Saturday,hujan ringan atau salju,0.416667,0.9625,0.118792,1538,1607
11/22/2020,4,2020,November,hari biasa,Sunday,berkabut,0.440833,0.757917,0.335825,2454,2566
11/23/2020,4,2020,November,hari libur nasional,Monday,cerah berawan,0.373333,0.549167,0.167304,935,1495
11/24/2020,4,2020,November,hari biasa,Tuesday,cerah berawan,0.375,0.64375,0.0988958,1697,2792
11/25/2020,4,2020,November,hari biasa,Wednesday,cerah berawan,0.375833,0.681667,0.0684208,1819,3068
11/26/2020,4,2020,November,hari biasa,Thursday,cerah berawan,0.459167,0.698333,0.208954,2261,3071
11/27/2020,4,2020,November,hari biasa,Friday,cerah berawan,0.503478,0.743043,0.142122,3614,3867
11/28/2020,4,2020,November,hari biasa,Saturday,berkabut,0.458333,0.830833,0.258092,2818,2914
11/29/2020,4,2020,November,hari biasa,Sunday,cerah berawan,0.325,0.613333,0.271158,3425,3613
11/30/2020,4,2020,November,hari biasa,Monday,cerah berawan,0.3125,0.524583,0.220158,3545,3727
12/1/2020,4,2020,Desember,hari biasa,Tuesday,cerah berawan,0.314167,0.625833,0.100754,3672,3940
12/2/2020,4,2020,Desember,hari biasa,Wednesday,cerah berawan,0.299167,0.612917,0.0957833,2908,3614
12/3/2020,4,2020,Desember,hari biasa,Thursday,cerah berawan,0.330833,0.775833,0.0839583,2851,3485
12/4/2020,4,2020,Desember,hari biasa,Friday,berkabut,0.385833,0.827083,0.0622083,3578,3811
12/5/2020,4,2020,Desember,hari biasa,Saturday,hujan ringan atau salju,0.4625,0.949583,0.232583,2468,2594
12/6/2020,4,2020,Desember,hari biasa,Sunday,hujan ringan atau salju,0.41,0.970417,0.266175,655,705
12/7/2020,4,2020,Desember,hari biasa,Monday,cerah berawan,0.265833,0.58,0.240058,3172,3322
12/8/2020,4,2020,Desember,hari biasa,Tuesday,cerah berawan,0.290833,0.695833,0.0827167,3359,3620
12/9/2020,4,2020,Desember,hari biasa,Wednesday,cerah berawan,0.275,0.5075,0.233221,2688,3190
12/10/2020,4,2020,Desember,hari biasa,Thursday,cerah berawan,0.220833,0.49,0.0665417,2366,2743
12/11/2020,4,2020,Desember,hari biasa,Friday,cerah berawan,0.238333,0.670833,0.06345,3167,3310
12/12/2020,4,2020,Desember,hari biasa,Saturday,cerah berawan,0.2825,0.59,0.14055,3368,3523
12/13/2020,4,2020,Desember,hari biasa,Sunday,berkabut,0.3175,0.66375,0.0609583,3562,3740
12/14/2020,4,2020,Desember,hari biasa,Monday,berkabut,0.4225,0.634167,0.268042,3528,3709
12/15/2020,4,2020,Desember,hari biasa,Tuesday,berkabut,0.375,0.500417,0.260575,3399,3577
12/16/2020,4,2020,Desember,hari biasa,Wednesday,berkabut,0.258333,0.560833,0.243167,2464,2739
12/17/2020,4,2020,Desember,hari biasa,Thursday,cerah berawan,0.238333,0.58625,0.169779,2211,2431
12/18/2020,4,2020,Desember,hari biasa,Friday,cerah berawan,0.276667,0.6375,0.172896,3143,3403
12/19/2020,4,2020,Desember,hari biasa,Saturday,berkabut,0.385833,0.595417,0.0615708,3534,3750
12/20/2020,1,2020,Desember,hari biasa,Sunday,berkabut,0.428333,0.858333,0.2214,2553,2660
12/21/2020,1,2020,Desember,hari biasa,Monday,berkabut,0.423333,0.7575,0.047275,2841,3068
12/22/2020,1,2020,Desember,hari biasa,Tuesday,cerah berawan,0.373333,0.68625,0.274246,2046,2209
12/23/2020,1,2020,Desember,hari biasa,Wednesday,cerah berawan,0.3025,0.5425,0.190304,856,1011
12/24/2020,1,2020,Desember,hari biasa,Thursday,cerah berawan,0.274783,0.681304,0.155091,451,754
12/25/2020,1,2020,Desember,hari libur nasional,Friday,cerah berawan,0.321739,0.506957,0.239465,887,1317
12/26/2020,1,2020,Desember,hari biasa,Saturday,berkabut,0.325,0.7625,0.18845,1059,1162
12/27/2020,1,2020,Desember,hari biasa,Sunday,cerah berawan,0.29913,0.503913,0.293961,2047,2302
12/28/2020,1,2020,Desember,hari biasa,Monday,cerah berawan,0.248333,0.574167,0.119412,2169,2423
12/29/2020,1,2020,Desember,hari biasa,Tuesday,cerah berawan,0.311667,0.636667,0.134337,2508,2999
12/30/2020,1,2020,Desember,hari biasa,Wednesday,cerah berawan,0.41,0.615833,0.220154,1820,2485
12/31/2020,1,2021,Desember,hari biasa,Thursday,cerah berawan,0.37,0.6925,0.192167,1608,2294
1/1/2021,1,2021,Januari,hari libur nasional,Friday,cerah berawan,0.273043,0.381304,0.329665,1707,1951
1/2/2021,1,2021,Januari,hari biasa,Saturday,cerah berawan,0.15,0.44125,0.365671,2147,2236
1/3/2021,1,2021,Januari,hari biasa,Sunday,berkabut,0.1075,0.414583,0.1847,2273,2368
1/4/2021,1,2021,Januari,hari biasa,Monday,cerah berawan,0.265833,0.524167,0.129987,3132,3272
1/5/2021,1,2021,Januari,hari biasa,Tuesday,cerah berawan,0.334167,0.542083,0.167908,3791,4098
1/6/2021,1,2021,Januari,hari biasa,Wednesday,cerah berawan,0.393333,0.531667,0.174758,3451,4521
1/7/2021,1,2021,Januari,hari biasa,Thursday,cerah berawan,0.3375,0.465,0.191542,2826,3425
1/8/2021,1,2021,Januari,hari biasa,Friday,berkabut,0.224167,0.701667,0.0989,2270,2376
1/9/2021,1,2021,Januari,hari biasa,Saturday,cerah berawan,0.308696,0.646522,0.187552,3425,3598
1/10/2021,1,2021,Januari,hari biasa,Sunday,berkabut,0.274167,0.8475,0.131221,2085,2177
1/11/2021,1,2021,Januari,hari biasa,Monday,berkabut,0.3825,0.802917,0.180967,3828,4097
1/12/2021,1,2021,Januari,hari biasa,Tuesday,cerah berawan,0.274167,0.5075,0.378108,3040,3214
1/13/2021,1,2021,Januari,hari biasa,Wednesday,cerah berawan,0.18,0.4575,0.187183,2160,2493
1/14/2021,1,2021,Januari,hari biasa,Thursday,cerah berawan,0.166667,0.419167,0.251258,2027,2311
1/15/2021,1,2021,Januari,hari libur nasional,Friday,cerah berawan,0.19,0.5225,0.231358,2081,2298
1/16/2021,1,2021,Januari,hari biasa,Saturday,berkabut,0.373043,0.716087,0.34913,2808,2935
1/17/2021,1,2021,Januari,hari biasa,Sunday,cerah berawan,0.303333,0.443333,0.415429,3267,3376
1/18/2021,1,2021,Januari,hari biasa,Monday,cerah berawan,0.19,0.4975,0.220158,3162,3292
1/19/2021,1,2021,Januari,hari biasa,Tuesday,berkabut,0.2175,0.45,0.20275,3048,3163
1/20/2021,1,2021,Januari,hari biasa,Wednesday,berkabut,0.173333,0.83125,0.222642,1234,1301
1/21/2021,1,2021,Januari,hari biasa,Thursday,berkabut,0.1625,0.79625,0.199638,1781,1977
1/22/2021,1,2021,Januari,hari biasa,Friday,berkabut,0.218333,0.91125,0.110708,2287,2432
1/23/2021,1,2021,Januari,hari biasa,Saturday,cerah berawan,0.3425,0.835833,0.123767,3900,4339
1/24/2021,1,2021,Januari,hari biasa,Sunday,cerah berawan,0.294167,0.64375,0.161071,3803,4270
1/25/2021,1,2021,Januari,hari biasa,Monday,berkabut,0.341667,0.769583,0.0733958,3831,4075
1/26/2021,1,2021,Januari,hari biasa,Tuesday,berkabut,0.425,0.74125,0.342667,3187,3456
1/27/2021,1,2021,Januari,hari biasa,Wednesday,cerah berawan,0.315833,0.543333,0.210829,3248,4023
1/28/2021,1,2021,Januari,hari biasa,Thursday,cerah berawan,0.2825,0.31125,0.24005,2685,3243
1/29/2021,1,2021,Januari,hari biasa,Friday,cerah berawan,0.269167,0.400833,0.215792,3498,3624
1/30/2021,1,2021,Januari,hari biasa,Saturday,cerah berawan,0.39,0.416667,0.261817,4185,4509
1/31/2021,1,2021,Januari,hari biasa,Sunday,cerah berawan,0.469167,0.507917,0.189067,4275,4579
2/1/2021,1,2021,Febuari,hari biasa,Monday,berkabut,0.399167,0.672917,0.187187,3571,3761
2/2/2021,1,2021,Febuari,hari biasa,Tuesday,cerah berawan,0.313333,0.526667,0.178496,3841,4151
2/3/2021,1,2021,Febuari,hari biasa,Wednesday,berkabut,0.264167,0.779583,0.121896,2448,2832
2/4/2021,1,2021,Febuari,hari biasa,Thursday,berkabut,0.265833,0.687917,0.175996,2629,2947
2/5/2021,1,2021,Febuari,hari biasa,Friday,cerah berawan,0.282609,0.622174,0.1538,3578,3784
2/6/2021,1,2021,Febuari,hari biasa,Saturday,cerah berawan,0.354167,0.49625,0.147379,4176,4375
2/7/2021,1,2021,Febuari,hari biasa,Sunday,berkabut,0.256667,0.722917,0.133721,2693,2802
2/8/2021,1,2021,Febuari,hari biasa,Monday,cerah berawan,0.265,0.562083,0.194037,3667,3830
2/9/2021,1,2021,Febuari,hari biasa,Tuesday,berkabut,0.280833,0.54,0.116929,3604,3831
2/10/2021,1,2021,Febuari,hari biasa,Wednesday,hujan ringan atau salju,0.224167,0.73125,0.289796,1977,2169
2/11/2021,1,2021,Febuari,hari biasa,Thursday,cerah berawan,0.1275,0.464583,0.409212,1456,1529
2/12/2021,1,2021,Febuari,hari biasa,Friday,cerah berawan,0.2225,0.41125,0.167283,3328,3422
2/13/2021,1,2021,Febuari,hari biasa,Saturday,berkabut,0.319167,0.50875,0.141179,3787,3922
2/14/2021,1,2021,Febuari,hari biasa,Sunday,cerah berawan,0.348333,0.53125,0.1816,4028,4169
2/15/2021,1,2021,Febuari,hari biasa,Monday,berkabut,0.316667,0.752917,0.091425,2931,3005
2/16/2021,1,2021,Febuari,hari biasa,Tuesday,cerah berawan,0.343333,0.634583,0.205846,3805,4154
2/17/2021,1,2021,Febuari,hari biasa,Wednesday,cerah berawan,0.346667,0.534583,0.190929,2883,4318
2/18/2021,1,2021,Febuari,hari biasa,Thursday,berkabut,0.28,0.515833,0.253112,2071,2689
2/19/2021,1,2021,Febuari,hari libur nasional,Friday,cerah berawan,0.28,0.507826,0.229083,2627,3129
2/20/2021,1,2021,Febuari,hari biasa,Saturday,cerah berawan,0.287826,0.594348,0.205717,3614,3777
2/21/2021,1,2021,Febuari,hari biasa,Sunday,cerah berawan,0.395833,0.567917,0.234471,4379,4773
2/22/2021,1,2021,Febuari,hari biasa,Monday,cerah berawan,0.454167,0.554583,0.190913,4546,5062
2/23/2021,1,2021,Febuari,hari biasa,Tuesday,berkabut,0.4075,0.7375,0.237567,3241,3487
2/24/2021,1,2021,Febuari,hari biasa,Wednesday,cerah berawan,0.290833,0.395833,0.421642,2415,2732
2/25/2021,1,2021,Febuari,hari biasa,Thursday,cerah berawan,0.279167,0.41,0.205229,2874,3389
2/26/2021,1,2021,Febuari,hari biasa,Friday,cerah berawan,0.366667,0.490833,0.268033,4069,4322
2/27/2021,1,2021,Febuari,hari biasa,Saturday,cerah berawan,0.359167,0.395833,0.193417,4134,4363
2/28/2021,1,2021,Febuari,hari biasa,Sunday,berkabut,0.344348,0.804783,0.179117,1769,1834
3/1/2021,1,2021,Maret,hari biasa,Monday,cerah berawan,0.485833,0.615417,0.226987,4665,4990
3/2/2021,1,2021,Maret,hari biasa,Tuesday,berkabut,0.353333,0.657083,0.144904,2948,3194
3/3/2021,1,2021,Maret,hari biasa,Wednesday,berkabut,0.414167,0.62125,0.161079,3110,4066
3/4/2021,1,2021,Maret,hari biasa,Thursday,cerah berawan,0.325833,0.403333,0.334571,2713,3423
3/5/2021,1,2021,Maret,hari biasa,Friday,cerah berawan,0.243333,0.50625,0.228858,3130,3333
3/6/2021,1,2021,Maret,hari biasa,Saturday,cerah berawan,0.258333,0.456667,0.200875,3735,3956
3/7/2021,1,2021,Maret,hari biasa,Sunday,cerah berawan,0.404167,0.513333,0.345779,4484,4916
3/8/2021,1,2021,Maret,hari biasa,Monday,cerah berawan,0.5275,0.5675,0.441563,4896,5382
3/9/2021,1,2021,Maret,hari biasa,Tuesday,berkabut,0.410833,0.407083,0.4148,4122,4569
3/10/2021,1,2021,Maret,hari biasa,Wednesday,cerah berawan,0.2875,0.350417,0.22575,3150,4118
3/11/2021,1,2021,Maret,hari biasa,Thursday,cerah berawan,0.361739,0.476957,0.222587,3253,4911
3/12/2021,1,2021,Maret,hari biasa,Friday,cerah berawan,0.466667,0.489167,0.207713,4460,5298
3/13/2021,1,2021,Maret,hari biasa,Saturday,cerah berawan,0.565,0.6175,0.23695,5085,5847
3/14/2021,1,2021,Maret,hari biasa,Sunday,cerah berawan,0.5725,0.507083,0.115062,5315,6312
3/15/2021,1,2021,Maret,hari biasa,Monday,cerah berawan,0.5575,0.579583,0.149883,5187,6192
3/16/2021,1,2021,Maret,hari biasa,Tuesday,berkabut,0.435833,0.842083,0.113192,3830,4378
3/17/2021,1,2021,Maret,hari biasa,Wednesday,berkabut,0.514167,0.755833,0.110704,4681,7836
3/18/2021,1,2021,Maret,hari biasa,Thursday,berkabut,0.4725,0.81,0.126883,3685,5892
3/19/2021,1,2021,Maret,hari biasa,Friday,cerah berawan,0.545,0.72875,0.162317,5171,6153
3/20/2021,1,2021,Maret,hari biasa,Saturday,cerah berawan,0.560833,0.807917,0.121271,5042,6093
3/21/2021,2,2021,Maret,hari biasa,Sunday,berkabut,0.531667,0.82125,0.0895583,5108,6230
3/22/2021,2,2021,Maret,hari biasa,Monday,cerah berawan,0.554167,0.83125,0.117562,5537,6871
3/23/2021,2,2021,Maret,hari biasa,Tuesday,berkabut,0.601667,0.694167,0.1163,5893,8362
3/24/2021,2,2021,Maret,hari biasa,Wednesday,berkabut,0.5025,0.885417,0.192783,2339,3372
3/25/2021,2,2021,Maret,hari biasa,Thursday,berkabut,0.4375,0.880833,0.220775,3464,4996
3/26/2021,2,2021,Maret,hari biasa,Friday,cerah berawan,0.445833,0.477917,0.386821,4763,5558
3/27/2021,2,2021,Maret,hari biasa,Saturday,cerah berawan,0.323333,0.29,0.187192,4571,5102
3/28/2021,2,2021,Maret,hari biasa,Sunday,cerah berawan,0.484167,0.48125,0.291671,5024,5698
3/29/2021,2,2021,Maret,hari biasa,Monday,cerah berawan,0.494167,0.439167,0.31965,5299,6133
3/30/2021,2,2021,Maret,hari biasa,Tuesday,berkabut,0.37,0.580833,0.138067,4663,5459
3/31/2021,2,2021,Maret,hari biasa,Wednesday,berkabut,0.424167,0.738333,0.250617,3934,6235
4/1/2021,2,2021,April,hari biasa,Thursday,berkabut,0.425833,0.67625,0.172267,3694,6041
4/2/2021,2,2021,April,hari biasa,Friday,cerah berawan,0.433913,0.504348,0.312139,4728,5936
4/3/2021,2,2021,April,hari biasa,Saturday,cerah berawan,0.466667,0.396667,0.100133,5424,6772
4/4/2021,2,2021,April,hari biasa,Sunday,cerah berawan,0.541667,0.469583,0.180975,5378,6436
4/5/2021,2,2021,April,hari biasa,Monday,cerah berawan,0.435,0.374167,0.219529,5265,6457
4/6/2021,2,2021,April,hari biasa,Tuesday,cerah berawan,0.403333,0.377083,0.300388,4653,6460
4/7/2021,2,2021,April,hari biasa,Wednesday,cerah berawan,0.4375,0.254167,0.274871,3605,6857
4/8/2021,2,2021,April,hari biasa,Thursday,cerah berawan,0.5,0.275833,0.232596,2939,5169
4/9/2021,2,2021,April,hari biasa,Friday,cerah berawan,0.489167,0.3175,0.358196,4680,5585
4/10/2021,2,2021,April,hari biasa,Saturday,cerah berawan,0.446667,0.435,0.249375,5099,5918
4/11/2021,2,2021,April,hari biasa,Sunday,cerah berawan,0.348696,0.469565,0.295274,4380,4862
4/12/2021,2,2021,April,hari biasa,Monday,cerah berawan,0.3975,0.46625,0.290429,4746,5409
4/13/2021,2,2021,April,hari biasa,Tuesday,cerah berawan,0.4425,0.408333,0.155471,5146,6398
4/14/2021,2,2021,April,hari biasa,Wednesday,cerah berawan,0.495,0.502917,0.190917,4665,7460
4/15/2021,2,2021,April,hari biasa,Thursday,cerah berawan,0.606667,0.507917,0.225129,4286,7132
4/16/2021,2,2021,April,hari libur nasional,Friday,cerah berawan,0.664167,0.561667,0.284829,5172,6370
4/17/2021,2,2021,April,hari biasa,Saturday,cerah berawan,0.608333,0.390417,0.273629,5702,6691
4/18/2021,2,2021,April,hari biasa,Sunday,berkabut,0.463333,0.569167,0.167912,4020,4367
4/19/2021,2,2021,April,hari biasa,Monday,cerah berawan,0.498333,0.6125,0.0659292,5719,6565
4/20/2021,2,2021,April,hari biasa,Tuesday,cerah berawan,0.526667,0.694583,0.149871,5950,7290
4/21/2021,2,2021,April,hari biasa,Wednesday,cerah berawan,0.57,0.682917,0.283587,4083,6624
4/22/2021,2,2021,April,hari biasa,Thursday,hujan ringan atau salju,0.396667,0.835417,0.344546,907,1027
4/23/2021,2,2021,April,hari biasa,Friday,berkabut,0.321667,0.766667,0.303496,3019,3214
4/24/2021,2,2021,April,hari biasa,Saturday,cerah berawan,0.413333,0.454167,0.249383,5115,5633
4/25/2021,2,2021,April,hari biasa,Sunday,cerah berawan,0.476667,0.427917,0.118792,5541,6196
4/26/2021,2,2021,April,hari biasa,Monday,berkabut,0.498333,0.756667,0.176625,4551,5026
4/27/2021,2,2021,April,hari biasa,Tuesday,cerah berawan,0.4575,0.400833,0.347633,5219,6233
4/28/2021,2,2021,April,hari biasa,Wednesday,berkabut,0.376667,0.489583,0.129975,3100,4220
4/29/2021,2,2021,April,hari biasa,Thursday,cerah berawan,0.458333,0.587083,0.116908,4075,6304
4/30/2021,2,2021,April,hari biasa,Friday,berkabut,0.464167,0.57,0.171638,4907,5572
5/1/2021,2,2021,Mei,hari biasa,Saturday,berkabut,0.613333,0.659583,0.156096,5087,5740
5/2/2021,2,2021,Mei,hari biasa,Sunday,cerah berawan,0.564167,0.797083,0.138058,5502,6169
5/3/2021,2,2021,Mei,hari biasa,Monday,berkabut,0.56,0.768333,0.133696,5657,6421
5/4/2021,2,2021,Mei,hari biasa,Tuesday,cerah berawan,0.6275,0.735417,0.162938,5227,6296
5/5/2021,2,2021,Mei,hari biasa,Wednesday,berkabut,0.621667,0.756667,0.152992,4387,6883
5/6/2021,2,2021,Mei,hari biasa,Thursday,berkabut,0.5625,0.74,0.149879,4224,6359
5/7/2021,2,2021,Mei,hari biasa,Friday,berkabut,0.5375,0.664167,0.230721,5265,6273
5/8/2021,2,2021,Mei,hari biasa,Saturday,berkabut,0.581667,0.685833,0.296029,4990,5728
5/9/2021,2,2021,Mei,hari biasa,Sunday,berkabut,0.575,0.744167,0.216412,4097,4717
5/10/2021,2,2021,Mei,hari biasa,Monday,cerah berawan,0.505833,0.552083,0.314063,5546,6572
5/11/2021,2,2021,Mei,hari biasa,Tuesday,cerah berawan,0.533333,0.360417,0.236937,5711,7030
5/12/2021,2,2021,Mei,hari biasa,Wednesday,cerah berawan,0.564167,0.480417,0.123133,4807,7429
5/13/2021,2,2021,Mei,hari biasa,Thursday,cerah berawan,0.6125,0.57625,0.225117,3946,6118
5/14/2021,2,2021,Mei,hari biasa,Friday,berkabut,0.573333,0.789583,0.212692,2501,2843
5/15/2021,2,2021,Mei,hari biasa,Saturday,berkabut,0.611667,0.794583,0.147392,4490,5115
5/16/2021,2,2021,Mei,hari biasa,Sunday,cerah berawan,0.636667,0.697917,0.122512,6433,7424
5/17/2021,2,2021,Mei,hari biasa,Monday,cerah berawan,0.593333,0.52,0.229475,6142,7384
5/18/2021,2,2021,Mei,hari biasa,Tuesday,cerah berawan,0.564167,0.523333,0.136817,6118,7639
5/19/2021,2,2021,Mei,hari biasa,Wednesday,cerah berawan,0.6,0.45625,0.083975,4884,8294
5/20/2021,2,2021,Mei,hari biasa,Thursday,cerah berawan,0.620833,0.530417,0.254367,4425,7129
5/21/2021,2,2021,Mei,hari biasa,Friday,berkabut,0.598333,0.81125,0.233204,3729,4359
5/22/2021,2,2021,Mei,hari biasa,Saturday,berkabut,0.615,0.765833,0.118167,5254,6073
5/23/2021,2,2021,Mei,hari biasa,Sunday,berkabut,0.621667,0.774583,0.102,4494,5260
5/24/2021,2,2021,Mei,hari biasa,Monday,cerah berawan,0.655,0.716667,0.172896,5711,6770
5/25/2021,2,2021,Mei,hari biasa,Tuesday,cerah berawan,0.68,0.747083,0.14055,5317,6734
5/26/2021,2,2021,Mei,hari biasa,Wednesday,cerah berawan,0.6925,0.7325,0.198992,3681,6536
5/27/2021,2,2021,Mei,hari biasa,Thursday,cerah berawan,0.69,0.697083,0.215171,3308,6591
5/28/2021,2,2021,Mei,hari libur nasional,Friday,cerah berawan,0.7125,0.67625,0.196521,3486,6043
5/29/2021,2,2021,Mei,hari biasa,Saturday,cerah berawan,0.7225,0.684583,0.2954,4863,5743
5/30/2021,2,2021,Mei,hari biasa,Sunday,berkabut,0.656667,0.67,0.134329,6110,6855
5/31/2021,2,2021,Mei,hari biasa,Monday,cerah berawan,0.68,0.492917,0.195279,6238,7338
6/1/2021,2,2021,Juni,hari biasa,Tuesday,berkabut,0.654167,0.755417,0.237563,3594,4127
6/2/2021,2,2021,Juni,hari biasa,Wednesday,cerah berawan,0.583333,0.549167,0.186562,5325,8120
6/3/2021,2,2021,Juni,hari biasa,Thursday,cerah berawan,0.6025,0.493333,0.184087,5147,7641
6/4/2021,2,2021,Juni,hari biasa,Friday,cerah berawan,0.5975,0.487083,0.284833,5927,6998
6/5/2021,2,2021,Juni,hari biasa,Saturday,berkabut,0.540833,0.613333,0.209575,6033,7001
6/6/2021,2,2021,Juni,hari biasa,Sunday,cerah berawan,0.554167,0.61125,0.077125,6028,7055
6/7/2021,2,2021,Juni,hari biasa,Monday,cerah berawan,0.6025,0.567083,0.15735,6456,7494
6/8/2021,2,2021,Juni,hari biasa,Tuesday,cerah berawan,0.649167,0.467917,0.175383,6248,7736
6/9/2021,2,2021,Juni,hari biasa,Wednesday,cerah berawan,0.710833,0.437083,0.144287,4790,7498
6/10/2021,2,2021,Juni,hari biasa,Thursday,cerah berawan,0.726667,0.538333,0.133721,4374,6598
6/11/2021,2,2021,Juni,hari biasa,Friday,berkabut,0.720833,0.587917,0.207713,5647,6664
6/12/2021,2,2021,Juni,hari biasa,Saturday,berkabut,0.653333,0.833333,0.214546,4495,4972
6/13/2021,2,2021,Juni,hari biasa,Sunday,cerah berawan,0.655833,0.582083,0.343279,6248,7421
6/14/2021,2,2021,Juni,hari biasa,Monday,cerah berawan,0.648333,0.569583,0.253733,6183,7363
6/15/2021,2,2021,Juni,hari biasa,Tuesday,cerah berawan,0.639167,0.589583,0.176617,6102,7665
6/16/2021,2,2021,Juni,hari biasa,Wednesday,cerah berawan,0.631667,0.504167,0.166667,4739,7702
6/17/2021,2,2021,Juni,hari biasa,Thursday,cerah berawan,0.5925,0.59875,0.144904,4344,6978
6/18/2021,2,2021,Juni,hari biasa,Friday,berkabut,0.568333,0.777917,0.174746,4446,5099
6/19/2021,2,2021,Juni,hari biasa,Saturday,cerah berawan,0.688333,0.69,0.148017,5857,6825
6/20/2021,2,2021,Juni,hari biasa,Sunday,cerah berawan,0.7825,0.592083,0.113812,5339,6211
6/21/2021,3,2021,Juni,hari biasa,Monday,cerah berawan,0.805833,0.567917,0.118787,5127,5905
6/22/2021,3,2021,Juni,hari biasa,Tuesday,cerah berawan,0.7775,0.57375,0.182842,4859,5823
6/23/2021,3,2021,Juni,hari biasa,Wednesday,cerah berawan,0.731667,0.534583,0.179721,4801,7458
6/24/2021,3,2021,Juni,hari biasa,Thursday,cerah berawan,0.743333,0.479167,0.145525,4340,6891
6/25/2021,3,2021,Juni,hari biasa,Friday,cerah berawan,0.715833,0.504167,0.300383,5640,6779
6/26/2021,3,2021,Juni,hari biasa,Saturday,cerah berawan,0.630833,0.373333,0.347642,6365,7442
6/27/2021,3,2021,Juni,hari biasa,Sunday,cerah berawan,0.6975,0.36,0.271775,6258,7335
6/28/2021,3,2021,Juni,hari biasa,Monday,cerah berawan,0.749167,0.4225,0.17165,5958,6879
6/29/2021,3,2021,Juni,hari biasa,Tuesday,cerah berawan,0.834167,0.48875,0.165417,4634,5463
6/30/2021,3,2021,Juni,hari biasa,Wednesday,cerah berawan,0.765,0.60125,0.161071,4232,5687
7/1/2021,3,2021,Juli,hari biasa,Thursday,cerah berawan,0.815833,0.51875,0.168529,4110,5531
7/2/2021,3,2021,Juli,hari biasa,Friday,cerah berawan,0.781667,0.447083,0.195267,5323,6227
7/3/2021,3,2021,Juli,hari biasa,Saturday,cerah berawan,0.780833,0.492083,0.126237,5608,6660
7/4/2021,3,2021,Juli,hari libur nasional,Sunday,cerah berawan,0.789167,0.53875,0.13495,4841,7403
7/5/2021,3,2021,Juli,hari biasa,Monday,cerah berawan,0.8275,0.457917,0.194029,4836,6241
7/6/2021,3,2021,Juli,hari biasa,Tuesday,cerah berawan,0.828333,0.450833,0.146142,4841,6207
7/7/2021,3,2021,Juli,hari biasa,Wednesday,cerah berawan,0.861667,0.492083,0.163554,3392,4840
7/8/2021,3,2021,Juli,hari biasa,Thursday,cerah berawan,0.8225,0.57375,0.125629,3469,4672
7/9/2021,3,2021,Juli,hari biasa,Friday,berkabut,0.710833,0.683333,0.180975,5571,6569
7/10/2021,3,2021,Juli,hari biasa,Saturday,berkabut,0.720833,0.6675,0.151737,5336,6290
7/11/2021,3,2021,Juli,hari biasa,Sunday,cerah berawan,0.716667,0.633333,0.151733,6289,7264
7/12/2021,3,2021,Juli,hari biasa,Monday,cerah berawan,0.715833,0.529583,0.146775,6414,7446
7/13/2021,3,2021,Juli,hari biasa,Tuesday,berkabut,0.731667,0.485833,0.08085,5988,7499
7/14/2021,3,2021,Juli,hari biasa,Wednesday,berkabut,0.703333,0.699167,0.143679,4614,6969
7/15/2021,3,2021,Juli,hari biasa,Thursday,cerah berawan,0.745833,0.717917,0.166667,4111,6031
7/16/2021,3,2021,Juli,hari biasa,Friday,cerah berawan,0.763333,0.645,0.164187,5742,6830
7/17/2021,3,2021,Juli,hari biasa,Saturday,cerah berawan,0.818333,0.505833,0.114429,5865,6786
7/18/2021,3,2021,Juli,hari biasa,Sunday,cerah berawan,0.793333,0.577083,0.137442,4914,5713
7/19/2021,3,2021,Juli,hari biasa,Monday,cerah berawan,0.77,0.600417,0.165429,5703,6591
7/20/2021,3,2021,Juli,hari biasa,Tuesday,berkabut,0.665833,0.844167,0.208967,5123,5870
7/21/2021,3,2021,Juli,hari biasa,Wednesday,hujan ringan atau salju,0.595833,0.865417,0.2133,3195,4459
7/22/2021,3,2021,Juli,hari biasa,Thursday,berkabut,0.6675,0.7625,0.0939208,4866,7410
7/23/2021,3,2021,Juli,hari biasa,Friday,cerah berawan,0.741667,0.694167,0.138683,5831,6966
7/24/2021,3,2021,Juli,hari biasa,Saturday,cerah berawan,0.750833,0.655,0.211454,6452,7592
7/25/2021,3,2021,Juli,hari biasa,Sunday,cerah berawan,0.724167,0.45,0.1648,6790,8173
7/26/2021,3,2021,Juli,hari biasa,Monday,cerah berawan,0.776667,0.596667,0.284813,5825,6861
7/27/2021,3,2021,Juli,hari biasa,Tuesday,cerah berawan,0.781667,0.594583,0.152992,5645,6904
7/28/2021,3,2021,Juli,hari biasa,Wednesday,cerah berawan,0.755833,0.613333,0.15735,4451,6685
7/29/2021,3,2021,Juli,hari biasa,Thursday,cerah berawan,0.721667,0.62375,0.170396,4444,6597
7/30/2021,3,2021,Juli,hari biasa,Friday,cerah berawan,0.730833,0.66875,0.153617,6065,7105
7/31/2021,3,2021,Juli,hari biasa,Saturday,cerah berawan,0.713333,0.704167,0.165425,6248,7216
8/1/2021,3,2021,Agustus,hari biasa,Sunday,cerah berawan,0.7175,0.6775,0.141179,6506,7580
8/2/2021,3,2021,Agustus,hari biasa,Monday,cerah berawan,0.7525,0.659583,0.129354,6278,7261
8/3/2021,3,2021,Agustus,hari biasa,Tuesday,berkabut,0.765833,0.6425,0.215792,5847,7175
8/4/2021,3,2021,Agustus,hari biasa,Wednesday,cerah berawan,0.793333,0.613333,0.257458,4479,6824
8/5/2021,3,2021,Agustus,hari biasa,Thursday,cerah berawan,0.769167,0.6525,0.290421,3757,5464
8/6/2021,3,2021,Agustus,hari biasa,Friday,berkabut,0.7525,0.654167,0.129354,5780,7013
8/7/2021,3,2021,Agustus,hari biasa,Saturday,berkabut,0.735833,0.70375,0.116908,5995,7273
8/8/2021,3,2021,Agustus,hari biasa,Sunday,berkabut,0.75,0.672917,0.1107,6271,7534
8/9/2021,3,2021,Agustus,hari biasa,Monday,cerah berawan,0.755833,0.620417,0.1561,6090,7286
8/10/2021,3,2021,Agustus,hari biasa,Tuesday,berkabut,0.715833,0.715833,0.238813,4721,5786
8/11/2021,3,2021,Agustus,hari biasa,Wednesday,berkabut,0.6925,0.732917,0.206479,4052,6299
8/12/2021,3,2021,Agustus,hari biasa,Thursday,cerah berawan,0.700833,0.530417,0.122512,4362,6544
8/13/2021,3,2021,Agustus,hari biasa,Friday,cerah berawan,0.720833,0.545417,0.136212,5676,6883
8/14/2021,3,2021,Agustus,hari biasa,Saturday,cerah berawan,0.726667,0.686667,0.169158,5656,6784
8/15/2021,3,2021,Agustus,hari biasa,Sunday,cerah berawan,0.706667,0.619583,0.169771,6149,7347
8/16/2021,3,2021,Agustus,hari biasa,Monday,cerah berawan,0.719167,0.519167,0.141796,6267,7605
8/17/2021,3,2021,Agustus,hari biasa,Tuesday,cerah berawan,0.723333,0.570833,0.231354,5665,7148
8/18/2021,3,2021,Agustus,hari biasa,Wednesday,cerah berawan,0.678333,0.603333,0.177867,5038,7865
8/19/2021,3,2021,Agustus,hari biasa,Thursday,berkabut,0.635833,0.711667,0.08645,3341,4549
8/20/2021,3,2021,Agustus,hari biasa,Friday,berkabut,0.635833,0.734167,0.129979,5504,6530
8/21/2021,3,2021,Agustus,hari biasa,Saturday,cerah berawan,0.649167,0.67375,0.0727708,5925,7006
8/22/2021,3,2021,Agustus,hari biasa,Sunday,cerah berawan,0.6675,0.677083,0.0702833,6281,7375
8/23/2021,3,2021,Agustus,hari biasa,Monday,cerah berawan,0.695833,0.635833,0.0845958,6402,7765
8/24/2021,3,2021,Agustus,hari biasa,Tuesday,berkabut,0.7025,0.615,0.0721458,6257,7582
8/25/2021,3,2021,Agustus,hari biasa,Wednesday,berkabut,0.661667,0.712917,0.244408,4224,6053
8/26/2021,3,2021,Agustus,hari biasa,Thursday,berkabut,0.653333,0.845833,0.228858,3772,5255
8/27/2021,3,2021,Agustus,hari biasa,Friday,cerah berawan,0.703333,0.730417,0.128733,5928,6917
8/28/2021,3,2021,Agustus,hari biasa,Saturday,cerah berawan,0.728333,0.62,0.190925,6105,7040
8/29/2021,3,2021,Agustus,hari biasa,Sunday,cerah berawan,0.685,0.552083,0.112562,6520,7697
8/30/2021,3,2021,Agustus,hari biasa,Monday,cerah berawan,0.706667,0.590417,0.0771167,6541,7713
8/31/2021,3,2021,Agustus,hari biasa,Tuesday,cerah berawan,0.764167,0.5875,0.168533,5917,7350
9/1/2021,3,2021,September,hari biasa,Wednesday,berkabut,0.753333,0.638333,0.113187,3788,6140
9/2/2021,3,2021,September,hari biasa,Thursday,berkabut,0.696667,0.815,0.0640708,3197,5810
9/3/2021,3,2021,September,hari libur nasional,Friday,cerah berawan,0.7075,0.790833,0.151121,4069,6034
9/4/2021,3,2021,September,hari biasa,Saturday,cerah berawan,0.725833,0.755,0.236321,5997,6864
9/5/2021,3,2021,September,hari biasa,Sunday,cerah berawan,0.736667,0.74125,0.187808,6280,7112
9/6/2021,3,2021,September,hari biasa,Monday,berkabut,0.696667,0.810417,0.142421,5592,6203
9/7/2021,3,2021,September,hari biasa,Tuesday,cerah berawan,0.703333,0.73625,0.171646,6459,7504
9/8/2021,3,2021,September,hari biasa,Wednesday,berkabut,0.659167,0.799167,0.281104,4419,5976
9/9/2021,3,2021,September,hari biasa,Thursday,cerah berawan,0.61,0.5475,0.224496,5657,8227
9/10/2021,3,2021,September,hari biasa,Friday,cerah berawan,0.583333,0.50375,0.258713,6407,7525
9/11/2021,3,2021,September,hari biasa,Saturday,cerah berawan,0.5775,0.52,0.0920542,6697,7767
9/12/2021,3,2021,September,hari biasa,Sunday,cerah berawan,0.599167,0.577083,0.131846,6820,7870
9/13/2021,3,2021,September,hari biasa,Monday,cerah berawan,0.6125,0.637083,0.0827208,6750,7804
9/14/2021,3,2021,September,hari biasa,Tuesday,cerah berawan,0.633333,0.6725,0.103863,6630,8009
9/15/2021,3,2021,September,hari biasa,Wednesday,cerah berawan,0.608333,0.501667,0.247521,5554,8714
9/16/2021,3,2021,September,hari biasa,Thursday,cerah berawan,0.58,0.57,0.0901833,5167,7333
9/17/2021,3,2021,September,hari biasa,Friday,berkabut,0.580833,0.734583,0.151742,5847,6869
9/18/2021,3,2021,September,hari biasa,Saturday,berkabut,0.623333,0.8725,0.357587,3702,4073
9/19/2021,3,2021,September,hari biasa,Sunday,cerah berawan,0.5525,0.536667,0.215175,6803,7591
9/20/2021,3,2021,September,hari biasa,Monday,cerah berawan,0.546667,0.618333,0.118167,6781,7720
9/21/2021,3,2021,September,hari biasa,Tuesday,cerah berawan,0.599167,0.66875,0.154229,6917,8167
9/22/2021,3,2021,September,hari biasa,Wednesday,cerah berawan,0.65,0.646667,0.283583,5883,8395
9/23/2021,4,2021,September,hari biasa,Thursday,cerah berawan,0.529167,0.467083,0.223258,5453,7907
9/24/2021,4,2021,September,hari biasa,Friday,cerah berawan,0.514167,0.492917,0.142404,6435,7436
9/25/2021,4,2021,September,hari biasa,Saturday,cerah berawan,0.55,0.57,0.236321,6693,7538
9/26/2021,4,2021,September,hari biasa,Sunday,cerah berawan,0.635,0.630833,0.2444,6946,7733
9/27/2021,4,2021,September,hari biasa,Monday,berkabut,0.65,0.690833,0.134342,6642,7393
9/28/2021,4,2021,September,hari biasa,Tuesday,berkabut,0.619167,0.69,0.164179,6370,7415
9/29/2021,4,2021,September,hari biasa,Wednesday,cerah berawan,0.5425,0.542917,0.227604,5966,8555
9/30/2021,4,2021,September,hari biasa,Thursday,cerah berawan,0.526667,0.583333,0.134958,4874,6889
10/1/2021,4,2021,Oktober,hari biasa,Friday,berkabut,0.520833,0.649167,0.0908042,6015,6778
10/2/2021,4,2021,Oktober,hari biasa,Saturday,hujan ringan atau salju,0.590833,0.871667,0.104475,4324,4639
10/3/2021,4,2021,Oktober,hari biasa,Sunday,berkabut,0.6575,0.79375,0.0665458,6844,7572
10/4/2021,4,2021,Oktober,hari biasa,Monday,berkabut,0.6575,0.722917,0.117546,6437,7328
10/5/2021,4,2021,Oktober,hari biasa,Tuesday,cerah berawan,0.615,0.6275,0.10635,6640,8156
10/6/2021,4,2021,Oktober,hari biasa,Wednesday,cerah berawan,0.554167,0.664167,0.268025,4934,7965
10/7/2021,4,2021,Oktober,hari biasa,Thursday,berkabut,0.415833,0.708333,0.141162,2729,3510
10/8/2021,4,2021,Oktober,hari libur nasional,Friday,berkabut,0.383333,0.709583,0.189679,4604,5478
10/9/2021,4,2021,Oktober,hari biasa,Saturday,berkabut,0.446667,0.761667,0.1903,5791,6392
10/10/2021,4,2021,Oktober,hari biasa,Sunday,cerah berawan,0.514167,0.630833,0.187821,6911,7691
10/11/2021,4,2021,Oktober,hari biasa,Monday,cerah berawan,0.435,0.463333,0.181596,6736,7570
10/12/2021,4,2021,Oktober,hari biasa,Tuesday,cerah berawan,0.4375,0.539167,0.235092,6222,7282
10/13/2021,4,2021,Oktober,hari biasa,Wednesday,cerah berawan,0.393333,0.494583,0.146142,4857,7109
10/14/2021,4,2021,Oktober,hari biasa,Thursday,cerah berawan,0.521667,0.640417,0.278612,4559,6639
10/15/2021,4,2021,Oktober,hari biasa,Friday,berkabut,0.561667,0.7075,0.296037,5115,5875
10/16/2021,4,2021,Oktober,hari biasa,Saturday,cerah berawan,0.468333,0.558333,0.182221,6612,7534
10/17/2021,4,2021,Oktober,hari biasa,Sunday,cerah berawan,0.455833,0.692917,0.101371,6482,7461
10/18/2021,4,2021,Oktober,hari biasa,Monday,berkabut,0.5225,0.728333,0.236937,6501,7509
10/19/2021,4,2021,Oktober,hari biasa,Tuesday,berkabut,0.563333,0.815,0.134954,4671,5424
10/20/2021,4,2021,Oktober,hari biasa,Wednesday,cerah berawan,0.484167,0.572917,0.117537,5284,8090
10/21/2021,4,2021,Oktober,hari biasa,Thursday,cerah berawan,0.464167,0.51,0.166054,4692,6824
10/22/2021,4,2021,Oktober,hari biasa,Friday,cerah berawan,0.4875,0.568333,0.0814833,6228,7058
10/23/2021,4,2021,Oktober,hari biasa,Saturday,cerah berawan,0.544167,0.641667,0.0945458,6625,7466
10/24/2021,4,2021,Oktober,hari biasa,Sunday,cerah berawan,0.5875,0.63625,0.0727792,6898,7693
10/25/2021,4,2021,Oktober,hari biasa,Monday,berkabut,0.55,0.800417,0.124375,6484,7359
10/26/2021,4,2021,Oktober,hari biasa,Tuesday,berkabut,0.545833,0.807083,0.132467,6262,7444
10/27/2021,4,2021,Oktober,hari biasa,Wednesday,berkabut,0.53,0.72,0.235692,5209,7852
10/28/2021,4,2021,Oktober,hari biasa,Thursday,berkabut,0.4775,0.694583,0.398008,3461,4459
10/29/2021,4,2021,Oktober,hari biasa,Friday,hujan ringan atau salju,0.44,0.88,0.3582,20,22
10/30/2021,4,2021,Oktober,hari biasa,Saturday,berkabut,0.318182,0.825455,0.213009,1009,1096
10/31/2021,4,2021,Oktober,hari biasa,Sunday,berkabut,0.3575,0.666667,0.166667,5147,5566
11/1/2021,4,2021,November,hari biasa,Monday,berkabut,0.365833,0.581667,0.157346,5520,5986
11/2/2021,4,2021,November,hari biasa,Tuesday,cerah berawan,0.355,0.522083,0.266175,5229,5847
11/3/2021,4,2021,November,hari biasa,Wednesday,berkabut,0.343333,0.49125,0.270529,4109,5138
11/4/2021,4,2021,November,hari biasa,Thursday,cerah berawan,0.325833,0.532917,0.179108,3906,5107
11/5/2021,4,2021,November,hari biasa,Friday,cerah berawan,0.319167,0.494167,0.236325,4881,5259
11/6/2021,4,2021,November,hari biasa,Saturday,cerah berawan,0.280833,0.567083,0.173513,5220,5686
11/7/2021,4,2021,November,hari biasa,Sunday,berkabut,0.295833,0.5475,0.304108,4709,5035
11/8/2021,4,2021,November,hari biasa,Monday,cerah berawan,0.352174,0.333478,0.347835,4975,5315
11/9/2021,4,2021,November,hari biasa,Tuesday,cerah berawan,0.361667,0.540833,0.214558,5283,5992
11/10/2021,4,2021,November,hari biasa,Wednesday,cerah berawan,0.389167,0.645417,0.0578458,4446,6536
11/11/2021,4,2021,November,hari biasa,Thursday,cerah berawan,0.420833,0.659167,0.1275,4562,6852
11/12/2021,4,2021,November,hari libur nasional,Friday,cerah berawan,0.485,0.741667,0.173517,5172,6269
11/13/2021,4,2021,November,hari biasa,Saturday,berkabut,0.343333,0.662917,0.342046,3767,4094
11/14/2021,4,2021,November,hari biasa,Sunday,cerah berawan,0.289167,0.552083,0.199625,5122,5495
11/15/2021,4,2021,November,hari biasa,Monday,berkabut,0.321667,0.620417,0.152987,5125,5445
11/16/2021,4,2021,November,hari biasa,Tuesday,cerah berawan,0.345,0.524583,0.171025,5214,5698
11/17/2021,4,2021,November,hari biasa,Wednesday,cerah berawan,0.325,0.545417,0.179729,4316,5629
11/18/2021,4,2021,November,hari biasa,Thursday,cerah berawan,0.3425,0.692917,0.227612,3747,4669
11/19/2021,4,2021,November,hari biasa,Friday,berkabut,0.380833,0.623333,0.235067,5050,5499
11/20/2021,4,2021,November,hari biasa,Saturday,berkabut,0.374167,0.685,0.082725,5100,5634
11/21/2021,4,2021,November,hari biasa,Sunday,cerah berawan,0.353333,0.61375,0.103246,4531,5146
11/22/2021,4,2021,November,hari libur nasional,Monday,cerah berawan,0.34,0.580417,0.0528708,1470,2425
11/23/2021,4,2021,November,hari biasa,Tuesday,cerah berawan,0.368333,0.56875,0.148021,2307,3910
11/24/2021,4,2021,November,hari biasa,Wednesday,cerah berawan,0.278333,0.404583,0.376871,1745,2277
11/25/2021,4,2021,November,hari biasa,Thursday,cerah berawan,0.245833,0.468333,0.1505,2115,2424
11/26/2021,4,2021,November,hari biasa,Friday,cerah berawan,0.313333,0.535417,0.04665,4750,5087
11/27/2021,4,2021,November,hari biasa,Saturday,berkabut,0.291667,0.786667,0.237562,3836,3959
11/28/2021,4,2021,November,hari biasa,Sunday,cerah berawan,0.296667,0.50625,0.210821,5062,5260
11/29/2021,4,2021,November,hari biasa,Monday,cerah berawan,0.28087,0.555652,0.115522,5080,5323
11/30/2021,4,2021,November,hari biasa,Tuesday,cerah berawan,0.298333,0.649583,0.0584708,5306,5668
12/1/2021,4,2021,Desember,hari biasa,Wednesday,berkabut,0.298333,0.806667,0.0597042,4240,5191
12/2/2021,4,2021,Desember,hari biasa,Thursday,berkabut,0.3475,0.823333,0.124379,3757,4649
12/3/2021,4,2021,Desember,hari biasa,Friday,cerah berawan,0.4525,0.7675,0.0827208,5679,6234
12/4/2021,4,2021,Desember,hari biasa,Saturday,cerah berawan,0.475833,0.73375,0.174129,6055,6606
12/5/2021,4,2021,Desember,hari biasa,Sunday,cerah berawan,0.438333,0.485,0.324021,5398,5729
12/6/2021,4,2021,Desember,hari biasa,Monday,cerah berawan,0.255833,0.50875,0.174754,5035,5375
12/7/2021,4,2021,Desember,hari biasa,Tuesday,berkabut,0.320833,0.764167,0.1306,4659,5008
12/8/2021,4,2021,Desember,hari biasa,Wednesday,berkabut,0.381667,0.91125,0.101379,4429,5582
12/9/2021,4,2021,Desember,hari biasa,Thursday,berkabut,0.384167,0.905417,0.157975,2787,3228
12/10/2021,4,2021,Desember,hari biasa,Friday,berkabut,0.435833,0.925,0.190308,4841,5170
12/11/2021,4,2021,Desember,hari biasa,Saturday,berkabut,0.353333,0.596667,0.296037,5219,5501
12/12/2021,4,2021,Desember,hari biasa,Sunday,berkabut,0.2975,0.538333,0.162937,5009,5319
12/13/2021,4,2021,Desember,hari biasa,Monday,cerah berawan,0.295833,0.485833,0.174129,5107,5532
12/14/2021,4,2021,Desember,hari biasa,Tuesday,cerah berawan,0.281667,0.642917,0.131229,5182,5611
12/15/2021,4,2021,Desember,hari biasa,Wednesday,cerah berawan,0.324167,0.650417,0.10635,4280,5047
12/16/2021,4,2021,Desember,hari biasa,Thursday,berkabut,0.3625,0.83875,0.100742,3248,3786
12/17/2021,4,2021,Desember,hari biasa,Friday,berkabut,0.393333,0.907083,0.0982583,4373,4585
12/18/2021,4,2021,Desember,hari biasa,Saturday,cerah berawan,0.410833,0.66625,0.221404,5124,5557
12/19/2021,4,2021,Desember,hari biasa,Sunday,cerah berawan,0.3325,0.625417,0.184092,4934,5267
12/20/2021,4,2021,Desember,hari biasa,Monday,berkabut,0.33,0.667917,0.132463,3814,4128
12/21/2021,1,2021,Desember,hari biasa,Tuesday,berkabut,0.326667,0.556667,0.374383,3402,3623
12/22/2021,1,2021,Desember,hari biasa,Wednesday,cerah berawan,0.265833,0.44125,0.407346,1544,1749
12/23/2021,1,2021,Desember,hari biasa,Thursday,cerah berawan,0.245833,0.515417,0.133083,1379,1787
12/24/2021,1,2021,Desember,hari biasa,Friday,berkabut,0.231304,0.791304,0.0772304,746,920
12/25/2021,1,2021,Desember,hari libur nasional,Saturday,berkabut,0.291304,0.734783,0.168726,573,1013
12/26/2021,1,2021,Desember,hari biasa,Sunday,hujan ringan atau salju,0.243333,0.823333,0.316546,432,441
12/27/2021,1,2021,Desember,hari biasa,Monday,berkabut,0.254167,0.652917,0.350133,1867,2114
12/28/2021,1,2021,Desember,hari biasa,Tuesday,berkabut,0.253333,0.59,0.155471,2451,3095
12/29/2021,1,2021,Desember,hari biasa,Wednesday,berkabut,0.253333,0.752917,0.124383,1182,1341
12/30/2021,1,2021,Desember,hari biasa,Thursday,cerah berawan,0.255833,0.483333,0.350754,1432,1796
12/31/2021,1,2021,Desember,hari biasa,Friday,berkabut,0.215833,0.5775,0.154846,2290,2729
